<environmentvariabledefinition schemaname="dm_SolutionsToVersionControl">
  <defaultvalue>demo,DavesVersionControl</defaultvalue>
  <description default="CSV of solution schema name">
    <label description="CSV of solution schema name" languagecode="1033" />
  </description>
  <displayname default="Solutions To Version Control">
    <label description="Solutions To Version Control" languagecode="1033" />
  </displayname>
  <introducedversion>1.0.0.0</introducedversion>
  <iscustomizable>1</iscustomizable>
  <isrequired>0</isrequired>
  <secretstore>0</secretstore>
  <type>100000000</type>
</environmentvariabledefinition>