{
  "properties": {
    "connectionReferences": {
      "shared_commondataserviceforapps": {
        "runtimeSource": "embedded",
        "connection": {
          "connectionReferenceLogicalName": "dm_sharedcommondataserviceforapps_db201"
        },
        "api": {
          "name": "shared_commondataserviceforapps"
        }
      }
    },
    "definition": {
      "$schema": "https://schema.management.azure.com/providers/Microsoft.Logic/schemas/2016-06-01/workflowdefinition.json#",
      "contentVersion": "1.0.0.0",
      "parameters": {
        "$connections": {
          "defaultValue": {},
          "type": "Object"
        },
        "$authentication": {
          "defaultValue": {},
          "type": "SecureObject"
        }
      },
      "triggers": {
        "When_a_row_is_added,_modified_or_deleted": {
          "metadata": {
            "operationMetadataId": "9706e4bc-8ffd-46d0-8892-85f8c9156f61"
          },
          "type": "OpenApiConnectionWebhook",
          "inputs": {
            "host": {
              "connectionName": "shared_commondataserviceforapps",
              "operationId": "SubscribeWebhookTrigger",
              "apiId": "/providers/Microsoft.PowerApps/apis/shared_commondataserviceforapps"
            },
            "parameters": {
              "subscriptionRequest/message": 3,
              "subscriptionRequest/entityname": "dm_versionhistory",
              "subscriptionRequest/scope": 4,
              "subscriptionRequest/filterexpression": "dm_restoreform eq true"
            },
            "authentication": "@parameters('$authentication')"
          }
        }
      },
      "actions": {
        "Update_a_row": {
          "runAfter": {
            "Perform_an_unbound_action_2": [
              "Succeeded"
            ]
          },
          "metadata": {
            "operationMetadataId": "eae615c2-90c9-46ce-a867-a8a1de30b172"
          },
          "type": "OpenApiConnection",
          "inputs": {
            "host": {
              "connectionName": "shared_commondataserviceforapps",
              "operationId": "UpdateRecord",
              "apiId": "/providers/Microsoft.PowerApps/apis/shared_commondataserviceforapps"
            },
            "parameters": {
              "entityName": "dm_versionhistories",
              "recordId": "@triggerOutputs()?['body/dm_versionhistoryid']",
              "item/dm_restoreform": false
            },
            "authentication": "@parameters('$authentication')"
          }
        },
        "add_the_form_to_the_rollback_solution": {
          "runAfter": {},
          "metadata": {
            "operationMetadataId": "2c3585bd-469f-4254-b10a-b1c89c597c37"
          },
          "type": "OpenApiConnection",
          "inputs": {
            "host": {
              "connectionName": "shared_commondataserviceforapps",
              "operationId": "PerformUnboundAction",
              "apiId": "/providers/Microsoft.PowerApps/apis/shared_commondataserviceforapps"
            },
            "parameters": {
              "actionName": "AddSolutionComponent",
              "item/ComponentId": "@triggerOutputs()?['body/dm_componentid']",
              "item/ComponentType": "@int(triggerOutputs()?['body/dm_componenttype'])",
              "item/SolutionUniqueName": "rollback",
              "item/AddRequiredComponents": false,
              "item/DoNotIncludeSubcomponents": true
            },
            "authentication": "@parameters('$authentication')"
          }
        },
        "export_solution": {
          "runAfter": {
            "add_the_form_to_the_rollback_solution": [
              "Succeeded"
            ]
          },
          "metadata": {
            "operationMetadataId": "458082da-98ac-4980-8907-284a0691deb7"
          },
          "type": "OpenApiConnection",
          "inputs": {
            "host": {
              "connectionName": "shared_commondataserviceforapps",
              "operationId": "PerformUnboundAction",
              "apiId": "/providers/Microsoft.PowerApps/apis/shared_commondataserviceforapps"
            },
            "parameters": {
              "actionName": "ExportSolution",
              "item/SolutionName": "rollback",
              "item/Managed": false,
              "item/ExportAutoNumberingSettings": false,
              "item/ExportCalendarSettings": false,
              "item/ExportCustomizationSettings": false,
              "item/ExportEmailTrackingSettings": false,
              "item/ExportGeneralSettings": false,
              "item/ExportMarketingSettings": false,
              "item/ExportOutlookSynchronizationSettings": false,
              "item/ExportRelationshipRoles": false,
              "item/ExportIsvConfig": false,
              "item/ExportSales": false,
              "item/ExportExternalApplications": false
            },
            "authentication": "@parameters('$authentication')"
          }
        },
        "import_solution": {
          "runAfter": {
            "export_solution": [
              "Succeeded"
            ]
          },
          "metadata": {
            "operationMetadataId": "8a5cbd5e-7af2-4881-9556-5049a48f9c62"
          },
          "type": "OpenApiConnection",
          "inputs": {
            "host": {
              "connectionName": "shared_commondataserviceforapps",
              "operationId": "PerformUnboundAction",
              "apiId": "/providers/Microsoft.PowerApps/apis/shared_commondataserviceforapps"
            },
            "parameters": {
              "actionName": "ImportSolution",
              "item/OverwriteUnmanagedCustomizations": true,
              "item/PublishWorkflows": false,
              "item/CustomizationFile": "@outputs('export_solution')?['body/ExportSolutionFile']",
              "item/ImportJobId": "@guid()",
              "item/ConvertToManaged": false,
              "item/SkipProductUpdateDependencies": true,
              "item/HoldingSolution": false,
              "item/SkipQueueRibbonJob": false,
              "item/AsyncRibbonProcessing": false,
              "item/IsTemplateMode": false
            },
            "authentication": "@parameters('$authentication')"
          }
        },
        "Perform_an_unbound_action_2": {
          "runAfter": {
            "import_solution": [
              "Succeeded"
            ]
          },
          "metadata": {
            "operationMetadataId": "ed02e14f-cc4c-49d0-bd85-9d432d995329"
          },
          "type": "OpenApiConnection",
          "inputs": {
            "host": {
              "connectionName": "shared_commondataserviceforapps",
              "operationId": "PerformUnboundAction",
              "apiId": "/providers/Microsoft.PowerApps/apis/shared_commondataserviceforapps"
            },
            "parameters": {
              "actionName": "RemoveSolutionComponent",
              "item/SolutionComponent/solutioncomponentid": "@triggerOutputs()?['body/dm_componentid']",
              "item/ComponentType": "@int(triggerOutputs()?['body/dm_componenttype'])",
              "item/SolutionUniqueName": "rollback"
            },
            "authentication": "@parameters('$authentication')"
          }
        }
      }
    },
    "templateName": ""
  },
  "schemaVersion": "1.0.0.0"
}